{"cameraMode":{"drawMode":0,"name":"Shaded","section":"Shading Mode"},"sceneLighting":true,"audioPlay":false,"sceneViewState":{"showFog":true,"showMaterialUpdate":false,"showSkybox":true,"showFlares":true,"showImageEffects":true,"showParticleSystems":true},"in2DMode":false,"pivot":{"x":9.040740966796875,"y":304.673828125,"z":265.3046875},"rotation":{"x":0.28403183817863467,"y":-0.005500591825693846,"z":0.001515301875770092,"w":0.9587978720664978},"size":19.511106491088868,"orthographic":true}