{"cameraMode":{"drawMode":0,"name":"Shaded","section":"Shading Mode"},"sceneLighting":true,"audioPlay":false,"sceneViewState":{"showFog":true,"showMaterialUpdate":false,"showSkybox":true,"showFlares":true,"showImageEffects":true,"showParticleSystems":true},"in2DMode":false,"pivot":{"x":-5.169093608856201,"y":6.672502040863037,"z":-2.303408145904541},"rotation":{"x":0.09025450795888901,"y":0.6202481389045715,"z":-0.07215337455272675,"w":0.7758480906486511},"size":9.356921195983887,"orthographic":false}